{"cameraMode":{"drawMode":0,"name":"Shaded","section":"Shading Mode"},"sceneLighting":false,"audioPlay":false,"sceneViewState":{"showFog":true,"showMaterialUpdate":false,"showSkybox":false,"showFlares":true,"showImageEffects":true,"showParticleSystems":true},"in2DMode":false,"pivot":{"x":-0.0020864754915237428,"y":0.36110419034957888,"z":-0.02277553081512451},"rotation":{"x":0.04644012823700905,"y":0.4238553047180176,"z":-0.021764278411865236,"w":0.9042844176292419},"size":0.6664193272590637,"orthographic":false}