{"cameraMode":{"drawMode":0,"name":"Shaded","section":"Shading Mode"},"sceneLighting":false,"audioPlay":false,"sceneViewState":{"showFog":true,"showMaterialUpdate":false,"showSkybox":false,"showFlares":true,"showImageEffects":true,"showParticleSystems":true},"in2DMode":false,"pivot":{"x":0.013999998569488526,"y":0.0,"z":-0.03499998152256012},"rotation":{"x":-0.2729243040084839,"y":0.083273746073246,"z":-0.02372058853507042,"w":-0.9581359624862671},"size":1.0141642093658448,"orthographic":false}